{
  "input": {
    "address_line": "8800 S Grizzly Way",
    "city": "Evergreen",
    "state_zip": "CO 80439"
  },
  "verification": {
    "address_match": {
      "score": 0.0,
      "is_strong_match": false
    }
  },
  "consolidated": {
    "address": {
      "street": null,
      "city": null,
      "state": null,
      "postal_code": null
    },
    "price": null,
    "bedrooms": null,
    "bathrooms": null,
    "sqft": null,
    "lot_size": null,
    "year_built": null,
    "property_type": null,
    "last_sold_date": null,
    "last_sold_price": null
  },
  "sources": []
}